<?xml version="1.0" encoding="UTF-8"?>
<project-private xmlns="http://www.netbeans.org/ns/project-private/1">
    <editor-bookmarks xmlns="http://www.netbeans.org/ns/editor-bookmarks/2" lastBookmarkId="0"/>
    <open-files xmlns="http://www.netbeans.org/ns/projectui-open-files/2">
        <group>
            <file>file://VBOXSVR/GitHub/AD/A3UD1_p2_XoanAraujoGandara/src/ej2_a3ud1_pt2_xoanaraujogandara/Ej2_A3UD1_pt2_XoanAraujoGandara.java</file>
            <file>file://VBOXSVR/GitHub/AD/A3UD1_p2_XoanAraujoGandara/src/util/ReadFile.java</file>
        </group>
    </open-files>
</project-private>
