<?xml version="1.0" encoding="UTF-8"?>
<rss xmlns:Mareas="Mareas" xmlns:dc="http://purl.org/dc/elements/1.1/" xmlns:georss="http://www.georss.org/georss" version="2.0">
    <channel>
        <title>Táboa de mareas</title>
        <link>https://www.meteogalicia.gal/web/predicion/maritima/mareasIndex.action?request_locale=gl</link>
        <description>Mareas amosadas en horario local</description>
        <item>
            <title>Mareas en A Coruña para  luns 30 de outubro</title>
            <link>https://www.meteogalicia.gal/web/predicion/maritima/mareasIndex.action?request_locale=gl&amp;idPorto=1&amp;data=30/10/2023</link>
            <description>&lt;div  id="divestActual" class="datos"&gt;&lt;table class="tableloc"  width=250 border=1 bordercolor="#cfcfcf"&gt;&lt;thead&gt;&lt;th&gt;Estado&lt;/th&gt;&lt;th&gt;Hora&lt;/th&gt;&lt;th&gt;Altura&lt;/th&gt;&lt;/thead&gt;&lt;tr&gt;&lt;td&gt;Preamar&lt;/td&gt;&lt;td&gt;04:42&lt;/td&gt;&lt;td&gt;4,0&lt;/td&gt;&lt;/tr&gt;&lt;tr&gt;&lt;td&gt;Baixamar&lt;/td&gt;&lt;td&gt;10:49&lt;/td&gt;&lt;td&gt;0,4&lt;/td&gt;&lt;/tr&gt;&lt;tr&gt;&lt;td&gt;Preamar&lt;/td&gt;&lt;td&gt;17:04&lt;/td&gt;&lt;td&gt;4,0&lt;/td&gt;&lt;/tr&gt;&lt;tr&gt;&lt;td&gt;Baixamar&lt;/td&gt;&lt;td&gt;23:06&lt;/td&gt;&lt;td&gt;0,5&lt;/td&gt;&lt;/tr&gt;&lt;/table&gt;&lt;/div&gt;&lt;br/&gt;</description>
            <pubDate>Sun, 29 Oct 2023 23:00:00 GMT</pubDate>
            <guid>https://www.meteogalicia.gal/web/predicion/maritima/mareasIndex.action?request_locale=gl&amp;idPorto=1&amp;data=30/10/2023</guid>
            <dc:date>2023-10-29T23:00:00Z</dc:date>
            <georss:point>43.349998474121094 -8.383333206176758</georss:point>
            <Mareas:nomePorto descricion="Porto">A Coruña</Mareas:nomePorto>
            <Mareas:idPorto descricion="IdPorto">1</Mareas:idPorto>
            <Mareas:idPortoRef descricion="IdPortoRef">1</Mareas:idPortoRef>
            <Mareas:dataPredicion formato="dd/MM/yyyy">30/10/2023</Mareas:dataPredicion>
            <Mareas:mareas id="0" estado="Preamar" hora="04:42" altura="4,0" idTipoMarea="1" />
            <Mareas:mareas id="1" estado="Baixamar" hora="10:49" altura="0,4" idTipoMarea="0" />
            <Mareas:mareas id="2" estado="Preamar" hora="17:04" altura="4,0" idTipoMarea="1" />
            <Mareas:mareas id="3" estado="Baixamar" hora="23:06" altura="0,5" idTipoMarea="0" />
        </item>
        <item>
            <title>Mareas en Xixón para  luns 30 de outubro</title>
            <link>https://www.meteogalicia.gal/web/predicion/maritima/mareasIndex.action?request_locale=gl&amp;idPorto=2&amp;data=30/10/2023</link>
            <description>&lt;div  id="divestActual" class="datos"&gt;&lt;table class="tableloc"  width=250 border=1 bordercolor="#cfcfcf"&gt;&lt;thead&gt;&lt;th&gt;Estado&lt;/th&gt;&lt;th&gt;Hora&lt;/th&gt;&lt;th&gt;Altura&lt;/th&gt;&lt;/thead&gt;&lt;tr&gt;&lt;td&gt;Preamar&lt;/td&gt;&lt;td&gt;04:51&lt;/td&gt;&lt;td&gt;4,4&lt;/td&gt;&lt;/tr&gt;&lt;tr&gt;&lt;td&gt;Baixamar&lt;/td&gt;&lt;td&gt;10:58&lt;/td&gt;&lt;td&gt;0,5&lt;/td&gt;&lt;/tr&gt;&lt;tr&gt;&lt;td&gt;Preamar&lt;/td&gt;&lt;td&gt;17:14&lt;/td&gt;&lt;td&gt;4,4&lt;/td&gt;&lt;/tr&gt;&lt;tr&gt;&lt;td&gt;Baixamar&lt;/td&gt;&lt;td&gt;23:16&lt;/td&gt;&lt;td&gt;0,6&lt;/td&gt;&lt;/tr&gt;&lt;/table&gt;&lt;/div&gt;&lt;br/&gt;</description>
            <pubDate>Sun, 29 Oct 2023 23:00:00 GMT</pubDate>
            <guid>https://www.meteogalicia.gal/web/predicion/maritima/mareasIndex.action?request_locale=gl&amp;idPorto=2&amp;data=30/10/2023</guid>
            <dc:date>2023-10-29T23:00:00Z</dc:date>
            <georss:point>43.54999923706055 -5.683330059051514</georss:point>
            <Mareas:nomePorto descricion="Porto">Xixón</Mareas:nomePorto>
            <Mareas:idPorto descricion="IdPorto">2</Mareas:idPorto>
            <Mareas:idPortoRef descricion="IdPortoRef">2</Mareas:idPortoRef>
            <Mareas:dataPredicion formato="dd/MM/yyyy">30/10/2023</Mareas:dataPredicion>
            <Mareas:mareas id="0" estado="Preamar" hora="04:51" altura="4,4" idTipoMarea="1" />
            <Mareas:mareas id="1" estado="Baixamar" hora="10:58" altura="0,5" idTipoMarea="0" />
            <Mareas:mareas id="2" estado="Preamar" hora="17:14" altura="4,4" idTipoMarea="1" />
            <Mareas:mareas id="3" estado="Baixamar" hora="23:16" altura="0,6" idTipoMarea="0" />
        </item>
        <item>
            <title>Mareas en Vigo para  luns 30 de outubro</title>
            <link>https://www.meteogalicia.gal/web/predicion/maritima/mareasIndex.action?request_locale=gl&amp;idPorto=3&amp;data=30/10/2023</link>
            <description>&lt;div  id="divestActual" class="datos"&gt;&lt;table class="tableloc"  width=250 border=1 bordercolor="#cfcfcf"&gt;&lt;thead&gt;&lt;th&gt;Estado&lt;/th&gt;&lt;th&gt;Hora&lt;/th&gt;&lt;th&gt;Altura&lt;/th&gt;&lt;/thead&gt;&lt;tr&gt;&lt;td&gt;Preamar&lt;/td&gt;&lt;td&gt;04:21&lt;/td&gt;&lt;td&gt;3,8&lt;/td&gt;&lt;/tr&gt;&lt;tr&gt;&lt;td&gt;Baixamar&lt;/td&gt;&lt;td&gt;10:28&lt;/td&gt;&lt;td&gt;0,4&lt;/td&gt;&lt;/tr&gt;&lt;tr&gt;&lt;td&gt;Preamar&lt;/td&gt;&lt;td&gt;16:42&lt;/td&gt;&lt;td&gt;3,8&lt;/td&gt;&lt;/tr&gt;&lt;tr&gt;&lt;td&gt;Baixamar&lt;/td&gt;&lt;td&gt;22:45&lt;/td&gt;&lt;td&gt;0,6&lt;/td&gt;&lt;/tr&gt;&lt;/table&gt;&lt;/div&gt;&lt;br/&gt;</description>
            <pubDate>Sun, 29 Oct 2023 23:00:00 GMT</pubDate>
            <guid>https://www.meteogalicia.gal/web/predicion/maritima/mareasIndex.action?request_locale=gl&amp;idPorto=3&amp;data=30/10/2023</guid>
            <dc:date>2023-10-29T23:00:00Z</dc:date>
            <georss:point>42.233333587646484 -8.716667175292969</georss:point>
            <Mareas:nomePorto descricion="Porto">Vigo</Mareas:nomePorto>
            <Mareas:idPorto descricion="IdPorto">3</Mareas:idPorto>
            <Mareas:idPortoRef descricion="IdPortoRef">3</Mareas:idPortoRef>
            <Mareas:dataPredicion formato="dd/MM/yyyy">30/10/2023</Mareas:dataPredicion>
            <Mareas:mareas id="0" estado="Preamar" hora="04:21" altura="3,8" idTipoMarea="1" />
            <Mareas:mareas id="1" estado="Baixamar" hora="10:28" altura="0,4" idTipoMarea="0" />
            <Mareas:mareas id="2" estado="Preamar" hora="16:42" altura="3,8" idTipoMarea="1" />
            <Mareas:mareas id="3" estado="Baixamar" hora="22:45" altura="0,6" idTipoMarea="0" />
        </item>
        <item>
            <title>Mareas en Vilagarcía para  luns 30 de outubro</title>
            <link>https://www.meteogalicia.gal/web/predicion/maritima/mareasIndex.action?request_locale=gl&amp;idPorto=4&amp;data=30/10/2023</link>
            <description>&lt;div  id="divestActual" class="datos"&gt;&lt;table class="tableloc"  width=250 border=1 bordercolor="#cfcfcf"&gt;&lt;thead&gt;&lt;th&gt;Estado&lt;/th&gt;&lt;th&gt;Hora&lt;/th&gt;&lt;th&gt;Altura&lt;/th&gt;&lt;/thead&gt;&lt;tr&gt;&lt;td&gt;Preamar&lt;/td&gt;&lt;td&gt;04:25&lt;/td&gt;&lt;td&gt;3,8&lt;/td&gt;&lt;/tr&gt;&lt;tr&gt;&lt;td&gt;Baixamar&lt;/td&gt;&lt;td&gt;10:32&lt;/td&gt;&lt;td&gt;0,4&lt;/td&gt;&lt;/tr&gt;&lt;tr&gt;&lt;td&gt;Preamar&lt;/td&gt;&lt;td&gt;16:46&lt;/td&gt;&lt;td&gt;3,8&lt;/td&gt;&lt;/tr&gt;&lt;tr&gt;&lt;td&gt;Baixamar&lt;/td&gt;&lt;td&gt;22:50&lt;/td&gt;&lt;td&gt;0,5&lt;/td&gt;&lt;/tr&gt;&lt;/table&gt;&lt;/div&gt;&lt;br/&gt;</description>
            <pubDate>Sun, 29 Oct 2023 23:00:00 GMT</pubDate>
            <guid>https://www.meteogalicia.gal/web/predicion/maritima/mareasIndex.action?request_locale=gl&amp;idPorto=4&amp;data=30/10/2023</guid>
            <dc:date>2023-10-29T23:00:00Z</dc:date>
            <georss:point>42.58333206176758 -8.766667366027832</georss:point>
            <Mareas:nomePorto descricion="Porto">Vilagarcía</Mareas:nomePorto>
            <Mareas:idPorto descricion="IdPorto">4</Mareas:idPorto>
            <Mareas:idPortoRef descricion="IdPortoRef">4</Mareas:idPortoRef>
            <Mareas:dataPredicion formato="dd/MM/yyyy">30/10/2023</Mareas:dataPredicion>
            <Mareas:mareas id="0" estado="Preamar" hora="04:25" altura="3,8" idTipoMarea="1" />
            <Mareas:mareas id="1" estado="Baixamar" hora="10:32" altura="0,4" idTipoMarea="0" />
            <Mareas:mareas id="2" estado="Preamar" hora="16:46" altura="3,8" idTipoMarea="1" />
            <Mareas:mareas id="3" estado="Baixamar" hora="22:50" altura="0,5" idTipoMarea="0" />
        </item>
        <item>
            <title>Mareas en Ría de Foz para  luns 30 de outubro</title>
            <link>https://www.meteogalicia.gal/web/predicion/maritima/mareasIndex.action?request_locale=gl&amp;idPorto=6&amp;data=30/10/2023</link>
            <description>&lt;div  id="divestActual" class="datos"&gt;&lt;table class="tableloc"  width=250 border=1 bordercolor="#cfcfcf"&gt;&lt;thead&gt;&lt;th&gt;Estado&lt;/th&gt;&lt;th&gt;Hora&lt;/th&gt;&lt;th&gt;Altura&lt;/th&gt;&lt;/thead&gt;&lt;tr&gt;&lt;td&gt;Preamar&lt;/td&gt;&lt;td&gt;04:45&lt;/td&gt;&lt;td&gt;4,2&lt;/td&gt;&lt;/tr&gt;&lt;tr&gt;&lt;td&gt;Baixamar&lt;/td&gt;&lt;td&gt;10:52&lt;/td&gt;&lt;td&gt;0,4&lt;/td&gt;&lt;/tr&gt;&lt;tr&gt;&lt;td&gt;Preamar&lt;/td&gt;&lt;td&gt;17:08&lt;/td&gt;&lt;td&gt;4,2&lt;/td&gt;&lt;/tr&gt;&lt;tr&gt;&lt;td&gt;Baixamar&lt;/td&gt;&lt;td&gt;23:11&lt;/td&gt;&lt;td&gt;0,5&lt;/td&gt;&lt;/tr&gt;&lt;/table&gt;&lt;/div&gt;&lt;br/&gt;</description>
            <pubDate>Sun, 29 Oct 2023 23:00:00 GMT</pubDate>
            <guid>https://www.meteogalicia.gal/web/predicion/maritima/mareasIndex.action?request_locale=gl&amp;idPorto=6&amp;data=30/10/2023</guid>
            <dc:date>2023-10-29T23:00:00Z</dc:date>
            <georss:point>43.56666564941406 -7.233333110809326</georss:point>
            <Mareas:nomePorto descricion="Porto">Ría de Foz</Mareas:nomePorto>
            <Mareas:idPorto descricion="IdPorto">6</Mareas:idPorto>
            <Mareas:idPortoRef descricion="IdPortoRef">1</Mareas:idPortoRef>
            <Mareas:dataPredicion formato="dd/MM/yyyy">30/10/2023</Mareas:dataPredicion>
            <Mareas:mareas id="0" estado="Preamar" hora="04:45" altura="4,2" idTipoMarea="1" />
            <Mareas:mareas id="1" estado="Baixamar" hora="10:52" altura="0,4" idTipoMarea="0" />
            <Mareas:mareas id="2" estado="Preamar" hora="17:08" altura="4,2" idTipoMarea="1" />
            <Mareas:mareas id="3" estado="Baixamar" hora="23:11" altura="0,5" idTipoMarea="0" />
        </item>
        <item>
            <title>Mareas en Corcubión para  luns 30 de outubro</title>
            <link>https://www.meteogalicia.gal/web/predicion/maritima/mareasIndex.action?request_locale=gl&amp;idPorto=7&amp;data=30/10/2023</link>
            <description>&lt;div  id="divestActual" class="datos"&gt;&lt;table class="tableloc"  width=250 border=1 bordercolor="#cfcfcf"&gt;&lt;thead&gt;&lt;th&gt;Estado&lt;/th&gt;&lt;th&gt;Hora&lt;/th&gt;&lt;th&gt;Altura&lt;/th&gt;&lt;/thead&gt;&lt;tr&gt;&lt;td&gt;Preamar&lt;/td&gt;&lt;td&gt;04:32&lt;/td&gt;&lt;td&gt;3,9&lt;/td&gt;&lt;/tr&gt;&lt;tr&gt;&lt;td&gt;Baixamar&lt;/td&gt;&lt;td&gt;10:39&lt;/td&gt;&lt;td&gt;0,4&lt;/td&gt;&lt;/tr&gt;&lt;tr&gt;&lt;td&gt;Preamar&lt;/td&gt;&lt;td&gt;16:55&lt;/td&gt;&lt;td&gt;3,9&lt;/td&gt;&lt;/tr&gt;&lt;tr&gt;&lt;td&gt;Baixamar&lt;/td&gt;&lt;td&gt;22:58&lt;/td&gt;&lt;td&gt;0,5&lt;/td&gt;&lt;/tr&gt;&lt;/table&gt;&lt;/div&gt;&lt;br/&gt;</description>
            <pubDate>Sun, 29 Oct 2023 23:00:00 GMT</pubDate>
            <guid>https://www.meteogalicia.gal/web/predicion/maritima/mareasIndex.action?request_locale=gl&amp;idPorto=7&amp;data=30/10/2023</guid>
            <dc:date>2023-10-29T23:00:00Z</dc:date>
            <georss:point>42.95000076293945 -9.199999809265137</georss:point>
            <Mareas:nomePorto descricion="Porto">Corcubión</Mareas:nomePorto>
            <Mareas:idPorto descricion="IdPorto">7</Mareas:idPorto>
            <Mareas:idPortoRef descricion="IdPortoRef">4</Mareas:idPortoRef>
            <Mareas:dataPredicion formato="dd/MM/yyyy">30/10/2023</Mareas:dataPredicion>
            <Mareas:mareas id="0" estado="Preamar" hora="04:32" altura="3,9" idTipoMarea="1" />
            <Mareas:mareas id="1" estado="Baixamar" hora="10:39" altura="0,4" idTipoMarea="0" />
            <Mareas:mareas id="2" estado="Preamar" hora="16:55" altura="3,9" idTipoMarea="1" />
            <Mareas:mareas id="3" estado="Baixamar" hora="22:58" altura="0,5" idTipoMarea="0" />
        </item>
        <item>
            <title>Mareas en Ría de Camariñas para  luns 30 de outubro</title>
            <link>https://www.meteogalicia.gal/web/predicion/maritima/mareasIndex.action?request_locale=gl&amp;idPorto=8&amp;data=30/10/2023</link>
            <description>&lt;div  id="divestActual" class="datos"&gt;&lt;table class="tableloc"  width=250 border=1 bordercolor="#cfcfcf"&gt;&lt;thead&gt;&lt;th&gt;Estado&lt;/th&gt;&lt;th&gt;Hora&lt;/th&gt;&lt;th&gt;Altura&lt;/th&gt;&lt;/thead&gt;&lt;tr&gt;&lt;td&gt;Preamar&lt;/td&gt;&lt;td&gt;04:32&lt;/td&gt;&lt;td&gt;3,9&lt;/td&gt;&lt;/tr&gt;&lt;tr&gt;&lt;td&gt;Baixamar&lt;/td&gt;&lt;td&gt;10:39&lt;/td&gt;&lt;td&gt;0,4&lt;/td&gt;&lt;/tr&gt;&lt;tr&gt;&lt;td&gt;Preamar&lt;/td&gt;&lt;td&gt;16:55&lt;/td&gt;&lt;td&gt;3,9&lt;/td&gt;&lt;/tr&gt;&lt;tr&gt;&lt;td&gt;Baixamar&lt;/td&gt;&lt;td&gt;22:58&lt;/td&gt;&lt;td&gt;0,5&lt;/td&gt;&lt;/tr&gt;&lt;/table&gt;&lt;/div&gt;&lt;br/&gt;</description>
            <pubDate>Sun, 29 Oct 2023 23:00:00 GMT</pubDate>
            <guid>https://www.meteogalicia.gal/web/predicion/maritima/mareasIndex.action?request_locale=gl&amp;idPorto=8&amp;data=30/10/2023</guid>
            <dc:date>2023-10-29T23:00:00Z</dc:date>
            <georss:point>43.133331298828125 -9.183333396911621</georss:point>
            <Mareas:nomePorto descricion="Porto">Ría de Camariñas</Mareas:nomePorto>
            <Mareas:idPorto descricion="IdPorto">8</Mareas:idPorto>
            <Mareas:idPortoRef descricion="IdPortoRef">4</Mareas:idPortoRef>
            <Mareas:dataPredicion formato="dd/MM/yyyy">30/10/2023</Mareas:dataPredicion>
            <Mareas:mareas id="0" estado="Preamar" hora="04:32" altura="3,9" idTipoMarea="1" />
            <Mareas:mareas id="1" estado="Baixamar" hora="10:39" altura="0,4" idTipoMarea="0" />
            <Mareas:mareas id="2" estado="Preamar" hora="16:55" altura="3,9" idTipoMarea="1" />
            <Mareas:mareas id="3" estado="Baixamar" hora="22:58" altura="0,5" idTipoMarea="0" />
        </item>
        <item>
            <title>Mareas en Ría de Corme para  luns 30 de outubro</title>
            <link>https://www.meteogalicia.gal/web/predicion/maritima/mareasIndex.action?request_locale=gl&amp;idPorto=9&amp;data=30/10/2023</link>
            <description>&lt;div  id="divestActual" class="datos"&gt;&lt;table class="tableloc"  width=250 border=1 bordercolor="#cfcfcf"&gt;&lt;thead&gt;&lt;th&gt;Estado&lt;/th&gt;&lt;th&gt;Hora&lt;/th&gt;&lt;th&gt;Altura&lt;/th&gt;&lt;/thead&gt;&lt;tr&gt;&lt;td&gt;Preamar&lt;/td&gt;&lt;td&gt;04:34&lt;/td&gt;&lt;td&gt;3,9&lt;/td&gt;&lt;/tr&gt;&lt;tr&gt;&lt;td&gt;Baixamar&lt;/td&gt;&lt;td&gt;10:41&lt;/td&gt;&lt;td&gt;0,4&lt;/td&gt;&lt;/tr&gt;&lt;tr&gt;&lt;td&gt;Preamar&lt;/td&gt;&lt;td&gt;16:57&lt;/td&gt;&lt;td&gt;3,9&lt;/td&gt;&lt;/tr&gt;&lt;tr&gt;&lt;td&gt;Baixamar&lt;/td&gt;&lt;td&gt;23:02&lt;/td&gt;&lt;td&gt;0,5&lt;/td&gt;&lt;/tr&gt;&lt;/table&gt;&lt;/div&gt;&lt;br/&gt;</description>
            <pubDate>Sun, 29 Oct 2023 23:00:00 GMT</pubDate>
            <guid>https://www.meteogalicia.gal/web/predicion/maritima/mareasIndex.action?request_locale=gl&amp;idPorto=9&amp;data=30/10/2023</guid>
            <dc:date>2023-10-29T23:00:00Z</dc:date>
            <georss:point>43.233333587646484 -9.0</georss:point>
            <Mareas:nomePorto descricion="Porto">Ría de Corme</Mareas:nomePorto>
            <Mareas:idPorto descricion="IdPorto">9</Mareas:idPorto>
            <Mareas:idPortoRef descricion="IdPortoRef">4</Mareas:idPortoRef>
            <Mareas:dataPredicion formato="dd/MM/yyyy">30/10/2023</Mareas:dataPredicion>
            <Mareas:mareas id="0" estado="Preamar" hora="04:34" altura="3,9" idTipoMarea="1" />
            <Mareas:mareas id="1" estado="Baixamar" hora="10:41" altura="0,4" idTipoMarea="0" />
            <Mareas:mareas id="2" estado="Preamar" hora="16:57" altura="3,9" idTipoMarea="1" />
            <Mareas:mareas id="3" estado="Baixamar" hora="23:02" altura="0,5" idTipoMarea="0" />
        </item>
        <item>
            <title>Mareas en A Guarda para  luns 30 de outubro</title>
            <link>https://www.meteogalicia.gal/web/predicion/maritima/mareasIndex.action?request_locale=gl&amp;idPorto=10&amp;data=30/10/2023</link>
            <description>&lt;div  id="divestActual" class="datos"&gt;&lt;table class="tableloc"  width=250 border=1 bordercolor="#cfcfcf"&gt;&lt;thead&gt;&lt;th&gt;Estado&lt;/th&gt;&lt;th&gt;Hora&lt;/th&gt;&lt;th&gt;Altura&lt;/th&gt;&lt;/thead&gt;&lt;tr&gt;&lt;td&gt;Preamar&lt;/td&gt;&lt;td&gt;04:23&lt;/td&gt;&lt;td&gt;3,5&lt;/td&gt;&lt;/tr&gt;&lt;tr&gt;&lt;td&gt;Baixamar&lt;/td&gt;&lt;td&gt;10:34&lt;/td&gt;&lt;td&gt;0,3&lt;/td&gt;&lt;/tr&gt;&lt;tr&gt;&lt;td&gt;Preamar&lt;/td&gt;&lt;td&gt;16:44&lt;/td&gt;&lt;td&gt;3,4&lt;/td&gt;&lt;/tr&gt;&lt;tr&gt;&lt;td&gt;Baixamar&lt;/td&gt;&lt;td&gt;22:52&lt;/td&gt;&lt;td&gt;0,4&lt;/td&gt;&lt;/tr&gt;&lt;/table&gt;&lt;/div&gt;&lt;br/&gt;</description>
            <pubDate>Sun, 29 Oct 2023 23:00:00 GMT</pubDate>
            <guid>https://www.meteogalicia.gal/web/predicion/maritima/mareasIndex.action?request_locale=gl&amp;idPorto=10&amp;data=30/10/2023</guid>
            <dc:date>2023-10-29T23:00:00Z</dc:date>
            <georss:point>41.900001525878906 -8.883333206176758</georss:point>
            <Mareas:nomePorto descricion="Porto">A Guarda</Mareas:nomePorto>
            <Mareas:idPorto descricion="IdPorto">10</Mareas:idPorto>
            <Mareas:idPortoRef descricion="IdPortoRef">10</Mareas:idPortoRef>
            <Mareas:dataPredicion formato="dd/MM/yyyy">30/10/2023</Mareas:dataPredicion>
            <Mareas:mareas id="0" estado="Preamar" hora="04:23" altura="3,5" idTipoMarea="1" />
            <Mareas:mareas id="1" estado="Baixamar" hora="10:34" altura="0,3" idTipoMarea="0" />
            <Mareas:mareas id="2" estado="Preamar" hora="16:44" altura="3,4" idTipoMarea="1" />
            <Mareas:mareas id="3" estado="Baixamar" hora="22:52" altura="0,4" idTipoMarea="0" />
        </item>
        <item>
            <title>Mareas en Ribeira para  luns 30 de outubro</title>
            <link>https://www.meteogalicia.gal/web/predicion/maritima/mareasIndex.action?request_locale=gl&amp;idPorto=11&amp;data=30/10/2023</link>
            <description>&lt;div  id="divestActual" class="datos"&gt;&lt;table class="tableloc"  width=250 border=1 bordercolor="#cfcfcf"&gt;&lt;thead&gt;&lt;th&gt;Estado&lt;/th&gt;&lt;th&gt;Hora&lt;/th&gt;&lt;th&gt;Altura&lt;/th&gt;&lt;/thead&gt;&lt;tr&gt;&lt;td&gt;Preamar&lt;/td&gt;&lt;td&gt;04:26&lt;/td&gt;&lt;td&gt;3,8&lt;/td&gt;&lt;/tr&gt;&lt;tr&gt;&lt;td&gt;Baixamar&lt;/td&gt;&lt;td&gt;10:33&lt;/td&gt;&lt;td&gt;0,4&lt;/td&gt;&lt;/tr&gt;&lt;tr&gt;&lt;td&gt;Preamar&lt;/td&gt;&lt;td&gt;16:48&lt;/td&gt;&lt;td&gt;3,8&lt;/td&gt;&lt;/tr&gt;&lt;tr&gt;&lt;td&gt;Baixamar&lt;/td&gt;&lt;td&gt;22:53&lt;/td&gt;&lt;td&gt;0,5&lt;/td&gt;&lt;/tr&gt;&lt;/table&gt;&lt;/div&gt;&lt;br/&gt;</description>
            <pubDate>Sun, 29 Oct 2023 23:00:00 GMT</pubDate>
            <guid>https://www.meteogalicia.gal/web/predicion/maritima/mareasIndex.action?request_locale=gl&amp;idPorto=11&amp;data=30/10/2023</guid>
            <dc:date>2023-10-29T23:00:00Z</dc:date>
            <georss:point>42.54999923706055 -8.983332633972168</georss:point>
            <Mareas:nomePorto descricion="Porto">Ribeira</Mareas:nomePorto>
            <Mareas:idPorto descricion="IdPorto">11</Mareas:idPorto>
            <Mareas:idPortoRef descricion="IdPortoRef">4</Mareas:idPortoRef>
            <Mareas:dataPredicion formato="dd/MM/yyyy">30/10/2023</Mareas:dataPredicion>
            <Mareas:mareas id="0" estado="Preamar" hora="04:26" altura="3,8" idTipoMarea="1" />
            <Mareas:mareas id="1" estado="Baixamar" hora="10:33" altura="0,4" idTipoMarea="0" />
            <Mareas:mareas id="2" estado="Preamar" hora="16:48" altura="3,8" idTipoMarea="1" />
            <Mareas:mareas id="3" estado="Baixamar" hora="22:53" altura="0,5" idTipoMarea="0" />
        </item>
        <item>
            <title>Mareas en Muros para  luns 30 de outubro</title>
            <link>https://www.meteogalicia.gal/web/predicion/maritima/mareasIndex.action?request_locale=gl&amp;idPorto=12&amp;data=30/10/2023</link>
            <description>&lt;div  id="divestActual" class="datos"&gt;&lt;table class="tableloc"  width=250 border=1 bordercolor="#cfcfcf"&gt;&lt;thead&gt;&lt;th&gt;Estado&lt;/th&gt;&lt;th&gt;Hora&lt;/th&gt;&lt;th&gt;Altura&lt;/th&gt;&lt;/thead&gt;&lt;tr&gt;&lt;td&gt;Preamar&lt;/td&gt;&lt;td&gt;04:28&lt;/td&gt;&lt;td&gt;3,9&lt;/td&gt;&lt;/tr&gt;&lt;tr&gt;&lt;td&gt;Baixamar&lt;/td&gt;&lt;td&gt;10:35&lt;/td&gt;&lt;td&gt;0,4&lt;/td&gt;&lt;/tr&gt;&lt;tr&gt;&lt;td&gt;Preamar&lt;/td&gt;&lt;td&gt;16:51&lt;/td&gt;&lt;td&gt;3,9&lt;/td&gt;&lt;/tr&gt;&lt;tr&gt;&lt;td&gt;Baixamar&lt;/td&gt;&lt;td&gt;22:53&lt;/td&gt;&lt;td&gt;0,5&lt;/td&gt;&lt;/tr&gt;&lt;/table&gt;&lt;/div&gt;&lt;br/&gt;</description>
            <pubDate>Sun, 29 Oct 2023 23:00:00 GMT</pubDate>
            <guid>https://www.meteogalicia.gal/web/predicion/maritima/mareasIndex.action?request_locale=gl&amp;idPorto=12&amp;data=30/10/2023</guid>
            <dc:date>2023-10-29T23:00:00Z</dc:date>
            <georss:point>42.766666412353516 -9.050000190734863</georss:point>
            <Mareas:nomePorto descricion="Porto">Muros</Mareas:nomePorto>
            <Mareas:idPorto descricion="IdPorto">12</Mareas:idPorto>
            <Mareas:idPortoRef descricion="IdPortoRef">4</Mareas:idPortoRef>
            <Mareas:dataPredicion formato="dd/MM/yyyy">30/10/2023</Mareas:dataPredicion>
            <Mareas:mareas id="0" estado="Preamar" hora="04:28" altura="3,9" idTipoMarea="1" />
            <Mareas:mareas id="1" estado="Baixamar" hora="10:35" altura="0,4" idTipoMarea="0" />
            <Mareas:mareas id="2" estado="Preamar" hora="16:51" altura="3,9" idTipoMarea="1" />
            <Mareas:mareas id="3" estado="Baixamar" hora="22:53" altura="0,5" idTipoMarea="0" />
        </item>
        <item>
            <title>Mareas en Pontevedra para  luns 30 de outubro</title>
            <link>https://www.meteogalicia.gal/web/predicion/maritima/mareasIndex.action?request_locale=gl&amp;idPorto=13&amp;data=30/10/2023</link>
            <description>&lt;div  id="divestActual" class="datos"&gt;&lt;table class="tableloc"  width=250 border=1 bordercolor="#cfcfcf"&gt;&lt;thead&gt;&lt;th&gt;Estado&lt;/th&gt;&lt;th&gt;Hora&lt;/th&gt;&lt;th&gt;Altura&lt;/th&gt;&lt;/thead&gt;&lt;tr&gt;&lt;td&gt;Preamar&lt;/td&gt;&lt;td&gt;04:23&lt;/td&gt;&lt;td&gt;3,8&lt;/td&gt;&lt;/tr&gt;&lt;tr&gt;&lt;td&gt;Baixamar&lt;/td&gt;&lt;td&gt;10:30&lt;/td&gt;&lt;td&gt;0,4&lt;/td&gt;&lt;/tr&gt;&lt;tr&gt;&lt;td&gt;Preamar&lt;/td&gt;&lt;td&gt;16:44&lt;/td&gt;&lt;td&gt;3,8&lt;/td&gt;&lt;/tr&gt;&lt;tr&gt;&lt;td&gt;Baixamar&lt;/td&gt;&lt;td&gt;22:49&lt;/td&gt;&lt;td&gt;0,5&lt;/td&gt;&lt;/tr&gt;&lt;/table&gt;&lt;/div&gt;&lt;br/&gt;</description>
            <pubDate>Sun, 29 Oct 2023 23:00:00 GMT</pubDate>
            <guid>https://www.meteogalicia.gal/web/predicion/maritima/mareasIndex.action?request_locale=gl&amp;idPorto=13&amp;data=30/10/2023</guid>
            <dc:date>2023-10-29T23:00:00Z</dc:date>
            <georss:point>42.43333435058594 -8.649999618530273</georss:point>
            <Mareas:nomePorto descricion="Porto">Pontevedra</Mareas:nomePorto>
            <Mareas:idPorto descricion="IdPorto">13</Mareas:idPorto>
            <Mareas:idPortoRef descricion="IdPortoRef">4</Mareas:idPortoRef>
            <Mareas:dataPredicion formato="dd/MM/yyyy">30/10/2023</Mareas:dataPredicion>
            <Mareas:mareas id="0" estado="Preamar" hora="04:23" altura="3,8" idTipoMarea="1" />
            <Mareas:mareas id="1" estado="Baixamar" hora="10:30" altura="0,4" idTipoMarea="0" />
            <Mareas:mareas id="2" estado="Preamar" hora="16:44" altura="3,8" idTipoMarea="1" />
            <Mareas:mareas id="3" estado="Baixamar" hora="22:49" altura="0,5" idTipoMarea="0" />
        </item>
        <item>
            <title>Mareas en Ferrol Porto Exterior para  luns 30 de outubro</title>
            <link>https://www.meteogalicia.gal/web/predicion/maritima/mareasIndex.action?request_locale=gl&amp;idPorto=14&amp;data=30/10/2023</link>
            <description>&lt;div  id="divestActual" class="datos"&gt;&lt;table class="tableloc"  width=250 border=1 bordercolor="#cfcfcf"&gt;&lt;thead&gt;&lt;th&gt;Estado&lt;/th&gt;&lt;th&gt;Hora&lt;/th&gt;&lt;th&gt;Altura&lt;/th&gt;&lt;/thead&gt;&lt;tr&gt;&lt;td&gt;Preamar&lt;/td&gt;&lt;td&gt;04:40&lt;/td&gt;&lt;td&gt;4,0&lt;/td&gt;&lt;/tr&gt;&lt;tr&gt;&lt;td&gt;Baixamar&lt;/td&gt;&lt;td&gt;10:50&lt;/td&gt;&lt;td&gt;0,4&lt;/td&gt;&lt;/tr&gt;&lt;tr&gt;&lt;td&gt;Preamar&lt;/td&gt;&lt;td&gt;17:02&lt;/td&gt;&lt;td&gt;4,0&lt;/td&gt;&lt;/tr&gt;&lt;tr&gt;&lt;td&gt;Baixamar&lt;/td&gt;&lt;td&gt;23:08&lt;/td&gt;&lt;td&gt;0,5&lt;/td&gt;&lt;/tr&gt;&lt;/table&gt;&lt;/div&gt;&lt;br/&gt;</description>
            <pubDate>Sun, 29 Oct 2023 23:00:00 GMT</pubDate>
            <guid>https://www.meteogalicia.gal/web/predicion/maritima/mareasIndex.action?request_locale=gl&amp;idPorto=14&amp;data=30/10/2023</guid>
            <dc:date>2023-10-29T23:00:00Z</dc:date>
            <georss:point>43.46277618408203 -8.325555801391602</georss:point>
            <Mareas:nomePorto descricion="Porto">Ferrol Porto Exterior</Mareas:nomePorto>
            <Mareas:idPorto descricion="IdPorto">14</Mareas:idPorto>
            <Mareas:idPortoRef descricion="IdPortoRef">14</Mareas:idPortoRef>
            <Mareas:dataPredicion formato="dd/MM/yyyy">30/10/2023</Mareas:dataPredicion>
            <Mareas:mareas id="0" estado="Preamar" hora="04:40" altura="4,0" idTipoMarea="1" />
            <Mareas:mareas id="1" estado="Baixamar" hora="10:50" altura="0,4" idTipoMarea="0" />
            <Mareas:mareas id="2" estado="Preamar" hora="17:02" altura="4,0" idTipoMarea="1" />
            <Mareas:mareas id="3" estado="Baixamar" hora="23:08" altura="0,5" idTipoMarea="0" />
        </item>
        <item>
            <title>Mareas en Marín para  luns 30 de outubro</title>
            <link>https://www.meteogalicia.gal/web/predicion/maritima/mareasIndex.action?request_locale=gl&amp;idPorto=15&amp;data=30/10/2023</link>
            <description>&lt;div  id="divestActual" class="datos"&gt;&lt;table class="tableloc"  width=250 border=1 bordercolor="#cfcfcf"&gt;&lt;thead&gt;&lt;th&gt;Estado&lt;/th&gt;&lt;th&gt;Hora&lt;/th&gt;&lt;th&gt;Altura&lt;/th&gt;&lt;/thead&gt;&lt;tr&gt;&lt;td&gt;Preamar&lt;/td&gt;&lt;td&gt;04:22&lt;/td&gt;&lt;td&gt;3,7&lt;/td&gt;&lt;/tr&gt;&lt;tr&gt;&lt;td&gt;Baixamar&lt;/td&gt;&lt;td&gt;10:29&lt;/td&gt;&lt;td&gt;0,3&lt;/td&gt;&lt;/tr&gt;&lt;tr&gt;&lt;td&gt;Preamar&lt;/td&gt;&lt;td&gt;16:44&lt;/td&gt;&lt;td&gt;3,7&lt;/td&gt;&lt;/tr&gt;&lt;tr&gt;&lt;td&gt;Baixamar&lt;/td&gt;&lt;td&gt;22:47&lt;/td&gt;&lt;td&gt;0,5&lt;/td&gt;&lt;/tr&gt;&lt;/table&gt;&lt;/div&gt;&lt;br/&gt;</description>
            <pubDate>Sun, 29 Oct 2023 23:00:00 GMT</pubDate>
            <guid>https://www.meteogalicia.gal/web/predicion/maritima/mareasIndex.action?request_locale=gl&amp;idPorto=15&amp;data=30/10/2023</guid>
            <dc:date>2023-10-29T23:00:00Z</dc:date>
            <georss:point>42.40611267089844 -8.691110610961914</georss:point>
            <Mareas:nomePorto descricion="Porto">Marín</Mareas:nomePorto>
            <Mareas:idPorto descricion="IdPorto">15</Mareas:idPorto>
            <Mareas:idPortoRef descricion="IdPortoRef">15</Mareas:idPortoRef>
            <Mareas:dataPredicion formato="dd/MM/yyyy">30/10/2023</Mareas:dataPredicion>
            <Mareas:mareas id="0" estado="Preamar" hora="04:22" altura="3,7" idTipoMarea="1" />
            <Mareas:mareas id="1" estado="Baixamar" hora="10:29" altura="0,3" idTipoMarea="0" />
            <Mareas:mareas id="2" estado="Preamar" hora="16:44" altura="3,7" idTipoMarea="1" />
            <Mareas:mareas id="3" estado="Baixamar" hora="22:47" altura="0,5" idTipoMarea="0" />
        </item>
        <item>
            <title>Mareas en Ferrol para  luns 30 de outubro</title>
            <link>https://www.meteogalicia.gal/web/predicion/maritima/mareasIndex.action?request_locale=gl&amp;idPorto=16&amp;data=30/10/2023</link>
            <description>&lt;div  id="divestActual" class="datos"&gt;&lt;table class="tableloc"  width=250 border=1 bordercolor="#cfcfcf"&gt;&lt;thead&gt;&lt;th&gt;Estado&lt;/th&gt;&lt;th&gt;Hora&lt;/th&gt;&lt;th&gt;Altura&lt;/th&gt;&lt;/thead&gt;&lt;tr&gt;&lt;td&gt;Preamar&lt;/td&gt;&lt;td&gt;04:44&lt;/td&gt;&lt;td&gt;4,1&lt;/td&gt;&lt;/tr&gt;&lt;tr&gt;&lt;td&gt;Baixamar&lt;/td&gt;&lt;td&gt;10:52&lt;/td&gt;&lt;td&gt;0,4&lt;/td&gt;&lt;/tr&gt;&lt;tr&gt;&lt;td&gt;Preamar&lt;/td&gt;&lt;td&gt;17:06&lt;/td&gt;&lt;td&gt;4,0&lt;/td&gt;&lt;/tr&gt;&lt;tr&gt;&lt;td&gt;Baixamar&lt;/td&gt;&lt;td&gt;23:09&lt;/td&gt;&lt;td&gt;0,5&lt;/td&gt;&lt;/tr&gt;&lt;/table&gt;&lt;/div&gt;&lt;br/&gt;</description>
            <pubDate>Sun, 29 Oct 2023 23:00:00 GMT</pubDate>
            <guid>https://www.meteogalicia.gal/web/predicion/maritima/mareasIndex.action?request_locale=gl&amp;idPorto=16&amp;data=30/10/2023</guid>
            <dc:date>2023-10-29T23:00:00Z</dc:date>
            <georss:point>43.476112365722656 -8.248332977294922</georss:point>
            <Mareas:nomePorto descricion="Porto">Ferrol</Mareas:nomePorto>
            <Mareas:idPorto descricion="IdPorto">16</Mareas:idPorto>
            <Mareas:idPortoRef descricion="IdPortoRef">16</Mareas:idPortoRef>
            <Mareas:dataPredicion formato="dd/MM/yyyy">30/10/2023</Mareas:dataPredicion>
            <Mareas:mareas id="0" estado="Preamar" hora="04:44" altura="4,1" idTipoMarea="1" />
            <Mareas:mareas id="1" estado="Baixamar" hora="10:52" altura="0,4" idTipoMarea="0" />
            <Mareas:mareas id="2" estado="Preamar" hora="17:06" altura="4,0" idTipoMarea="1" />
            <Mareas:mareas id="3" estado="Baixamar" hora="23:09" altura="0,5" idTipoMarea="0" />
        </item>
    </channel>
</rss>

